InvoiceDate,TotalRevenue
2010-12-05,148627.97
2010-12-12,212619.13
2010-12-19,163116.12
2010-12-26,46059.51
2011-01-02,0.0
2011-01-09,114636.8
2011-01-16,154344.85
2011-01-23,175452.23
2011-01-30,104861.0
2011-02-06,105955.81
2011-02-13,87827.94
2011-02-20,125700.15
2011-02-27,130380.77
2011-03-06,117386.82
2011-03-13,112193.93
2011-03-20,137669.82
2011-03-27,129560.72
2011-04-03,143657.58
2011-04-10,119697.73
2011-04-17,134930.821
2011-04-24,115969.4
2011-05-01,73374.06
2011-05-08,131094.12
2011-05-15,178574.32
2011-05-22,195818.79
2011-05-29,146776.61000000002
2011-06-05,102040.37
2011-06-12,193704.12
2011-06-19,171702.44
2011-06-26,112600.67
2011-07-03,116250.82
2011-07-10,131222.52
2011-07-17,118078.73000000001
2011-07-24,167284.44
2011-07-31,164258.041
2011-08-07,155943.0
2011-08-14,143544.62
2011-08-21,167634.40000000002
2011-08-28,147595.96
2011-09-04,113825.97
2011-09-11,166212.46000000002
2011-09-18,208718.88
2011-09-25,309091.501
2011-10-02,193654.431
2011-10-09,296214.24
2011-10-16,203708.95
2011-10-23,254775.57
2011-10-30,236456.84
2011-11-06,259374.02000000002
2011-11-13,263717.33
2011-11-20,276216.98
2011-11-27,248234.58000000002
2011-12-04,250833.04
2011-12-11,408026.97
